player_id,display_name,age,reference_date,position,team,minutes,age_band,birth_source_url,completed_passes_total,completed_passes_per90,completed_passes_percentile,completed_passes_peer_count,completed_passes_evidence_status,key_passes_total,key_passes_per90,key_passes_percentile,key_passes_peer_count,key_passes_evidence_status,npxg_total,npxg_per90,npxg_percentile,npxg_peer_count,npxg_evidence_status,shots_total,shots_per90,shots_percentile,shots_peer_count,shots_evidence_status,successful_dribbles_total,successful_dribbles_per90,successful_dribbles_percentile,successful_dribbles_peer_count,successful_dribbles_evidence_status,tackles_won_total,tackles_won_per90,tackles_won_percentile,tackles_won_peer_count,tackles_won_evidence_status
33018,Joško Gvardiol,20,2022-11-20,CB,Croatia,754.5184833333334,20-23,https://fdp.fifa.org/assetspublic/ce44/pdf/SquadLists-English.pdf,463.0,55.22727530266599,87.5,9,limited_sample,1.0,0.11928137214398701,87.5,9,limited_sample,0.186105118,0.022198873838058616,37.5,9,limited_sample,2.0,0.23856274428797403,50.0,9,limited_sample,2.0,0.23856274428797403,75.0,9,limited_sample,11.0,1.3120950935838571,62.5,9,limited_sample
10481,Aurélien Tchouaméni,22,2022-11-20,DM,France,700.8519666666667,20-23,https://fdp.fifa.org/assetspublic/ce44/pdf/SquadLists-English.pdf,431.0,55.34692323757004,71.42857142857143,8,limited_sample,6.0,0.7704908107318336,100.0,8,limited_sample,0.39939709799999995,0.051288632306993584,71.42857142857143,8,limited_sample,6.0,0.7704908107318336,57.142857142857146,8,limited_sample,2.0,0.2568302702439445,14.285714285714286,8,limited_sample,4.0,0.513660540487889,0.0,8,limited_sample
3009,Kylian Mbappé,23,2022-11-20,W,France,690.4695333333333,20-23,https://fdp.fifa.org/assetspublic/ce44/pdf/SquadLists-English.pdf,180.0,23.46229517440451,47.05882352941177,18,moderate_sample,9.0,1.1731147587202255,47.05882352941177,18,moderate_sample,2.666251877000001,0.3475354919304672,94.11764705882354,18,moderate_sample,29.0,3.7800364447651713,100.0,18,moderate_sample,30.0,3.9103825290674186,100.0,18,moderate_sample,0.0,0.0,2.9411764705882355,18,moderate_sample
38718,Enzo Fernandez,21,2022-11-20,DM,Argentina,646.5723,20-23,https://fdp.fifa.org/assetspublic/ce44/pdf/SquadLists-English.pdf,416.0,57.90535721991183,100.0,8,limited_sample,5.0,0.6959778512008633,85.71428571428571,8,limited_sample,0.267128615,0.03718311989239254,57.142857142857146,8,limited_sample,8.0,1.1135645619213814,85.71428571428571,8,limited_sample,3.0,0.417586710720518,57.142857142857146,8,limited_sample,13.0,1.8095424131222446,71.42857142857143,8,limited_sample
46258,Azzedine Ounahi,22,2022-11-20,CM,Morocco,614.2450333333331,20-23,https://fdp.fifa.org/assetspublic/ce44/pdf/SquadLists-English.pdf,221.0,32.381214207077306,,2,insufficient_peers,6.0,0.8791279875224608,,2,insufficient_peers,0.24470047899999997,0.03585383994150869,,2,insufficient_peers,6.0,0.8791279875224608,,2,insufficient_peers,10.0,1.4652133125374347,,2,insufficient_peers,5.0,0.7326066562687173,,2,insufficient_peers
27886,Alexis MacAllister,23,2022-11-20,CM,Argentina,603.2831833333332,20-23,https://fdp.fifa.org/assetspublic/ce44/pdf/SquadLists-English.pdf,242.0,36.10244840517269,,2,insufficient_peers,7.0,1.0442856976702843,,2,insufficient_peers,0.5018383630000001,0.07486608928902408,,2,insufficient_peers,7.0,1.0442856976702843,,2,insufficient_peers,5.0,0.7459183554787746,,2,insufficient_peers,7.0,1.0442856976702843,,2,insufficient_peers
29560,Julián Álvarez,22,2022-11-20,ST,Argentina,516.8797166666667,20-23,https://fdp.fifa.org/assetspublic/ce44/pdf/SquadLists-English.pdf,93.0,16.193322605069014,50.0,5,limited_sample,2.0,0.34824349688320455,75.0,5,limited_sample,1.908327433,0.33228130923303467,50.0,5,limited_sample,11.0,1.915339232857625,75.0,5,limited_sample,0.0,0.0,0.0,5,limited_sample,4.0,0.6964869937664091,25.0,5,limited_sample
32975,Diogo Costa,23,2022-11-20,GK,Portugal,503.09388333333334,20-23,https://fdp.fifa.org/assetspublic/ce44/pdf/SquadLists-English.pdf,111.0,19.85712872080569,,1,insufficient_peers,1.0,0.17889305153878998,,1,insufficient_peers,0.0,0.0,,1,insufficient_peers,0.0,0.0,,1,insufficient_peers,0.0,0.0,,1,insufficient_peers,0.0,0.0,,1,insufficient_peers
20750,Cody Gakpo,23,2022-11-20,ST,Netherlands,490.4911166666667,20-23,https://fdp.fifa.org/assetspublic/ce44/pdf/SquadLists-English.pdf,98.0,17.981977043620937,75.0,5,limited_sample,10.0,1.8348956166960142,100.0,5,limited_sample,0.562367031,0.10318848001562514,25.0,5,limited_sample,5.0,0.9174478083480071,0.0,5,limited_sample,5.0,0.9174478083480071,50.0,5,limited_sample,5.0,0.9174478083480071,50.0,5,limited_sample
3943,Declan Rice,23,2022-11-20,DM,England,478.16908333333333,20-23,https://fdp.fifa.org/assetspublic/ce44/pdf/SquadLists-English.pdf,306.0,57.59468974450983,85.71428571428571,8,limited_sample,1.0,0.18821794034153538,14.285714285714286,8,limited_sample,0.0,0.0,0.0,8,limited_sample,0.0,0.0,0.0,8,limited_sample,0.0,0.0,0.0,8,limited_sample,4.0,0.7528717613661415,14.285714285714286,8,limited_sample
